filename,split,plat_gt,plat_gt_norm,kode_wilayah_gt,wilayah_gt,ocr_status,ocr_raw_text_all,ocr_lines,selected_raw_line,selected_candidate_text,selected_candidate_score,candidate_rankings,plat_pred,plat_pred_norm,kode_wilayah_pred,wilayah_pred,cer,char_accuracy,plate_exact_match,region_correct,candidate_status,inference_time_ms,notes,kategori_masalah,penjelasan_singkat,saran_perbaikan
alpr_lampung_000001.jpg,test,BE 1943 FL,BE1943FL,F,Kota Metro,ok,0 6 1977 NE BE 1943FL 09·30,"[{""text"": ""0"", ""score"": 0.48431965708732605, ""center_x_ratio"": 0.7940033314825097, ""center_y_ratio"": 0.06579677956690727, ""height_ratio"": 0.006107717934480844, ""width_ratio"": 0.03331482509716824}, {""text"": ""6 1977 NE"", ""score"": 0.7216492891311646, ""center_x_ratio"": 0.11521377012770682, ""center_y_ratio"": 0.10799555802332038, ""height_ratio"": 0.0138811771238201, ""width_ratio"": 0.04053303720155469}, {""text"": ""BE 1943FL"", ""score"": 0.9569810032844543, ""center_x_ratio"": 0.3034425319267074, ""center_y_ratio"": 0.7384786229872293, ""height_ratio"": 0.09106052193225986, ""width_ratio"": 0.23820099944475293}, {""text"": ""09·30"", ""score"": 0.8960500955581665, ""center_x_ratio"": 0.3039977790116602, ""center_y_ratio"": 0.7698500832870627, ""height_ratio"": 0.029428095502498614, ""width_ratio"": 0.0694058856191005}]",BE 1943FL,BE1943FL,151.39773404598236,"[{""source"": ""full_image"", ""source_kind"": ""full_image_line"", ""line_index"": 2, ""raw_line"": ""BE 1943FL"", ""source_text_all"": ""0 6 1977 NE BE 1943FL 09·30"", ""candidate_norm"": ""BE1943FL"", ""candidate_formatted"": ""BE 1943 FL"", ""ocr_confidence"": 0.9569810032844543, ""line_center_x"": 0.3034425319267074, ""line_center_y"": 0.7384786229872293, ""line_width"": 0.23820099944475293, ""line_height"": 0.09106052193225986, ""pattern_score"": 112.0, ""geometry_score"": 16.0, ""confidence_bonus"": 13.39773404598236, ""noise_penalty"": 0.0, ""final_score"": 151.39773404598236, ""removed_noise_suffix"": """", ""notes"": ""candidate from single OCR line""}, {""source"": ""full_image"", ""source_kind"": ""full_image_line"", ""line_index"": 2, ""raw_line"": ""BE 1943FL"", ""source_text_all"": ""0 6 1977 NE BE 1943FL 09·30"", ""candidate_norm"": ""BE1943F"", ""candidate_formatted"": ""BE 1943 F"", ""ocr_confidence"": 0.9569810032844543, ""line_center_x"": 0.3034425319267074, ""line_center_y"": 0.7384786229872293, ""line_width"": 0.23820099944475293, ""line_height"": 0.09106052193225986, ""pattern_score"": 102.0, ""geometry_score"": 16.0, ""confidence_bonus"": 13.39773404598236, ""noise_penalty"": -0.7, ""final_score"": 140.69773404598237, ""removed_noise_suffix"": ""L"", ""notes"": ""candidate from single OCR line; removed trailing noise: L""}, {""source"": ""full_image"", ""source_kind"": ""full_image_joined"", ""line_index"": null, ""raw_line"": ""0 6 1977 NE BE 1943FL 09·30"", ""source_text_all"": ""0 6 1977 NE BE 1943FL 09·30"", ""candidate_norm"": ""BE1943FL"", ""candidate_formatted"": ""BE 1943 FL"", ""ocr_confidence"": 0.7647500112652779, ""line_center_x"": null, ""line_center_y"": null, ""line_width"": null, ""line_height"": null, ""pattern_score"": 106.0, ""geometry_score"": -4.0, ""confidence_bonus"": 10.70650015771389, ""noise_penalty"": -9.0, ""final_score"": 95.70650015771389, ""removed_noise_suffix"": ""0930"", ""notes"": ""candidate from joined fallback; removed trailing noise: 0930; date-like trailing noise removed; joined text too long""}, {""source"": ""full_image"", ""source_kind"": ""full_image_joined"", ""line_index"": null, ""raw_line"": ""0 6 1977 NE BE 1943FL 09·30"", ""source_text_all"": ""0 6 1977 NE BE 1943FL 09·30"", ""candidate_norm"": ""BE1943F"", ""candidate_formatted"": ""BE 1943 F"", ""ocr_confidence"": 0.7647500112652779, ""line_center_x"": null, ""line_center_y"": null, ""line_width"": null, ""line_height"": null, ""pattern_score"": 104.0, ""geometry_score"": -4.0, ""confidence_bonus"": 10.70650015771389, ""noise_penalty"": -9.0, ""final_score"": 93.70650015771389, ""removed_noise_suffix"": ""L0930"", ""notes"": ""candidate from joined fallback; removed trailing noise: L0930; date-like trailing noise removed; joined text too long""}]",BE 1943 FL,BE1943FL,F,Kota Metro,0.0,1.0,True,True,ok,2244.344941999998,candidate from single OCR line,Benar,Plat dan wilayah terbaca benar.,Tidak perlu perbaikan untuk gambar ini.
alpr_lampung_000015.jpg,test,BE 1282 ANG,BE1282ANG,A,Kota Bandar Lampung,ok,BE1282ANG C4·29,"[{""text"": ""BE1282ANG"", ""score"": 0.9973379969596863, ""center_x_ratio"": 0.7061335403726708, ""center_y_ratio"": 0.65722049689441, ""height_ratio"": 0.05822981366459627, ""width_ratio"": 0.19953416149068323}, {""text"": ""C4·29"", ""score"": 0.7534005641937256, ""center_x_ratio"": 0.703027950310559, ""center_y_ratio"": 0.687888198757764, ""height_ratio"": 0.026397515527950312, ""width_ratio"": 0.05822981366459627}]",BE1282ANG,BE1282ANG,157.9627319574356,"[{""source"": ""full_image"", ""source_kind"": ""full_image_line"", ""line_index"": 0, ""raw_line"": ""BE1282ANG"", ""source_text_all"": ""BE1282ANG C4·29"", ""candidate_norm"": ""BE1282ANG"", ""candidate_formatted"": ""BE 1282 ANG"", ""ocr_confidence"": 0.9973379969596863, ""line_center_x"": 0.7061335403726708, ""line_center_y"": 0.65722049689441, ""line_width"": 0.19953416149068323, ""line_height"": 0.05822981366459627, ""pattern_score"": 118.0, ""geometry_score"": 16.0, ""confidence_bonus"": 13.962731957435608, ""noise_penalty"": 0.0, ""final_score"": 157.9627319574356, ""removed_noise_suffix"": """", ""notes"": ""candidate from single OCR line""}, {""source"": ""full_image"", ""source_kind"": ""full_image_line"", ""line_index"": 0, ""raw_line"": ""BE1282ANG"", ""source_text_all"": ""BE1282ANG C4·29"", ""candidate_norm"": ""BE1282AN"", ""candidate_formatted"": ""BE 1282 AN"", ""ocr_confidence"": 0.9973379969596863, ""line_center_x"": 0.7061335403726708, ""line_center_y"": 0.65722049689441, ""line_width"": 0.19953416149068323, ""line_height"": 0.05822981366459627, ""pattern_score"": 101.0, ""geometry_score"": 16.0, ""confidence_bonus"": 13.962731957435608, ""noise_penalty"": -0.7, ""final_score"": 140.26273195743562, ""removed_noise_suffix"": ""G"", ""notes"": ""candidate from single OCR line; removed trailing noise: G""}, {""source"": ""full_image"", ""source_kind"": ""full_image_line"", ""line_index"": 0, ""raw_line"": ""BE1282ANG"", ""source_text_all"": ""BE1282ANG C4·29"", ""candidate_norm"": ""BE1282A"", ""candidate_formatted"": ""BE 1282 A"", ""ocr_confidence"": 0.9973379969596863, ""line_center_x"": 0.7061335403726708, ""line_center_y"": 0.65722049689441, ""line_width"": 0.19953416149068323, ""line_height"": 0.05822981366459627, ""pattern_score"": 99.0, ""geometry_score"": 16.0, ""confidence_bonus"": 13.962731957435608, ""noise_penalty"": -1.4, ""final_score"": 137.5627319574356, ""removed_noise_suffix"": ""NG"", ""notes"": ""candidate from single OCR line; removed trailing noise: NG""}, {""source"": ""full_image"", ""source_kind"": ""full_image_joined"", ""line_index"": null, ""raw_line"": ""BE1282ANG C4·29"", ""source_text_all"": ""BE1282ANG C4·29"", ""candidate_norm"": ""BE1282ANG"", ""candidate_formatted"": ""BE 1282 ANG"", ""ocr_confidence"": 0.8753692805767059, ""line_center_x"": null, ""line_center_y"": null, ""line_width"": null, ""line_height"": null, ""pattern_score"": 112.0, ""geometry_score"": -4.0, ""confidence_bonus"": 12.255169928073883, ""noise_penalty"": -1.0, ""final_score"": 111.25516992807388, ""removed_noise_suffix"": ""C429"", ""notes"": ""candidate from joined fallback; removed trailing noise: C429; date-like trailing noise removed""}, {""source"": ""full_image"", ""source_kind"": ""full_image_joined"", ""line_index"": null, ""raw_line"": ""BE1282ANG C4·29"", ""source_text_all"": ""BE1282ANG C4·29"", ""candidate_norm"": ""BE1282AN"", ""candidate_formatted"": ""BE 1282 AN"", ""ocr_confidence"": 0.8753692805767059, ""line_center_x"": null, ""line_center_y"": null, ""line_width"": null, ""line_height"": null, ""pattern_score"": 103.0, ""geometry_score"": -4.0, ""confidence_bonus"": 12.255169928073883, ""noise_penalty"": -1.0, ""final_score"": 102.25516992807388, ""removed_noise_suffix"": ""GC429"", ""notes"": ""candidate from joined fallback; removed trailing noise: GC429; date-like trailing noise removed""}, {""source"": ""full_image"", ""source_kind"": ""full_image_joined"", ""line_index"": null, ""raw_line"": ""BE1282ANG C4·29"", ""source_text_all"": ""BE1282ANG C4·29"", ""candidate_norm"": ""BE1282A"", ""candidate_formatted"": ""BE 1282 A"", ""ocr_confidence"": 0.8753692805767059, ""line_center_x"": null, ""line_center_y"": null, ""line_width"": null, ""line_height"": null, ""pattern_score"": 101.0, ""geometry_score"": -4.0, ""confidence_bonus"": 12.255169928073883, ""noise_penalty"": -1.0, ""final_score"": 100.25516992807388, ""removed_noise_suffix"": ""NGC429"", ""notes"": ""candidate from joined fallback; removed trailing noise: NGC429; date-like trailing noise removed""}]",BE 1282 ANG,BE1282ANG,A,Kota Bandar Lampung,0.0,1.0,True,True,ok,1024.7617999999648,candidate from single OCR line,Benar,Plat dan wilayah terbaca benar.,Tidak perlu perbaikan untuk gambar ini.
alpr_lampung_000026.jpg,test,BE 1193 ALQ,BE1193ALQ,A,Kota Bandar Lampung,ok,MORA M SGM UUNRA BE1193ALQ C3·3G,"[{""text"": ""MORA"", ""score"": 0.6790902614593506, ""center_x_ratio"": 0.5123762376237624, ""center_y_ratio"": 0.1353135313531353, ""height_ratio"": 0.0297029702970297, ""width_ratio"": 0.08085808580858085}, {""text"": ""M"", ""score"": 0.8712871670722961, ""center_x_ratio"": 0.8432343234323433, ""center_y_ratio"": 0.3023927392739274, ""height_ratio"": 0.018976897689768978, ""width_ratio"": 0.018151815181518153}, {""text"": ""SGM"", ""score"": 0.26285290718078613, ""center_x_ratio"": 0.7957920792079208, ""center_y_ratio"": 0.38778877887788776, ""height_ratio"": 0.033003300330033, ""width_ratio"": 0.13943894389438943}, {""text"": ""UUNRA"", ""score"": 0.5605515241622925, ""center_x_ratio"": 0.31518151815181517, ""center_y_ratio"": 0.4042904290429043, ""height_ratio"": 0.019801980198019802, ""width_ratio"": 0.11551155115511551}, {""text"": ""BE1193ALQ"", ""score"": 0.9915289282798767, ""center_x_ratio"": 0.5750825082508251, ""center_y_ratio"": 0.5292904290429042, ""height_ratio"": 0.07673267326732673, ""width_ratio"": 0.264026402640264}, {""text"": ""C3·3G"", ""score"": 0.7234266400337219, ""center_x_ratio"": 0.5808580858085809, ""center_y_ratio"": 0.5664191419141914, ""height_ratio"": 0.03052805280528053, ""width_ratio"": 0.07095709570957096}]",BE1193ALQ,BE1193ALQ,157.88140499591827,"[{""source"": ""full_image"", ""source_kind"": ""full_image_line"", ""line_index"": 4, ""raw_line"": ""BE1193ALQ"", ""source_text_all"": ""MORA M SGM UUNRA BE1193ALQ C3·3G"", ""candidate_norm"": ""BE1193ALQ"", ""candidate_formatted"": ""BE 1193 ALQ"", ""ocr_confidence"": 0.9915289282798767, ""line_center_x"": 0.5750825082508251, ""line_center_y"": 0.5292904290429042, ""line_width"": 0.264026402640264, ""line_height"": 0.07673267326732673, ""pattern_score"": 118.0, ""geometry_score"": 16.0, ""confidence_bonus"": 13.881404995918274, ""noise_penalty"": 0.0, ""final_score"": 157.88140499591827, ""removed_noise_suffix"": """", ""notes"": ""candidate from single OCR line""}, {""source"": ""full_image"", ""source_kind"": ""full_image_line"", ""line_index"": 4, ""raw_line"": ""BE1193ALQ"", ""source_text_all"": ""MORA M SGM UUNRA BE1193ALQ C3·3G"", ""candidate_norm"": ""BE1193AL"", ""candidate_formatted"": ""BE 1193 AL"", ""ocr_confidence"": 0.9915289282798767, ""line_center_x"": 0.5750825082508251, ""line_center_y"": 0.5292904290429042, ""line_width"": 0.264026402640264, ""line_height"": 0.07673267326732673, ""pattern_score"": 101.0, ""geometry_score"": 16.0, ""confidence_bonus"": 13.881404995918274, ""noise_penalty"": -0.7, ""final_score"": 140.18140499591829, ""removed_noise_suffix"": ""Q"", ""notes"": ""candidate from single OCR line; removed trailing noise: Q""}, {""source"": ""full_image"", ""source_kind"": ""full_image_line"", ""line_index"": 4, ""raw_line"": ""BE1193ALQ"", ""source_text_all"": ""MORA M SGM UUNRA BE1193ALQ C3·3G"", ""candidate_norm"": ""BE1193A"", ""candidate_formatted"": ""BE 1193 A"", ""ocr_confidence"": 0.9915289282798767, ""line_center_x"": 0.5750825082508251, ""line_center_y"": 0.5292904290429042, ""line_width"": 0.264026402640264, ""line_height"": 0.07673267326732673, ""pattern_score"": 99.0, ""geometry_score"": 16.0, ""confidence_bonus"": 13.881404995918274, ""noise_penalty"": -1.4, ""final_score"": 137.48140499591827, ""removed_noise_suffix"": ""LQ"", ""notes"": ""candidate from single OCR line; removed trailing noise: LQ""}, {""source"": ""full_image"", ""source_kind"": ""full_image_joined"", ""line_index"": null, ""raw_line"": ""MORA M SGM UUNRA BE1193ALQ C3·3G"", ""source_text_all"": ""MORA M SGM UUNRA BE1193ALQ C3·3G"", ""candidate_norm"": ""BE1193ALQ"", ""candidate_formatted"": ""BE 1193 ALQ"", ""ocr_confidence"": 0.6814562380313873, ""line_center_x"": null, ""line_center_y"": null, ""line_width"": null, ""line_height"": null, ""pattern_score"": 112.0, ""geometry_score"": -4.0, ""confidence_bonus"": 9.540387332439423, ""noise_penalty"": -9.0, ""final_score"": 100.54038733243942, ""removed_noise_suffix"": ""C33G"", ""notes"": ""candidate from joined fallback; removed trailing noise: C33G; date-like trailing noise removed; joined text too long""}, {""source"": ""full_image"", ""source_kind"": ""full_image_joined"", ""line_index"": null, ""raw_line"": ""MORA M SGM UUNRA BE1193ALQ C3·3G"", ""source_text_all"": ""MORA M SGM UUNRA BE1193ALQ C3·3G"", ""candidate_norm"": ""BE1193AL"", ""candidate_formatted"": ""BE 1193 AL"", ""ocr_confidence"": 0.6814562380313873, ""line_center_x"": null, ""line_center_y"": null, ""line_width"": null, ""line_height"": null, ""pattern_score"": 103.0, ""geometry_score"": -4.0, ""confidence_bonus"": 9.540387332439423, ""noise_penalty"": -9.0, ""final_score"": 91.54038733243942, ""removed_noise_suffix"": ""QC33G"", ""notes"": ""candidate from joined fallback; removed trailing noise: QC33G; date-like trailing noise removed; joined text too long""}, {""source"": ""full_image"", ""source_kind"": ""full_image_joined"", ""line_index"": null, ""raw_line"": ""MORA M SGM UUNRA BE1193ALQ C3·3G"", ""source_text_all"": ""MORA M SGM UUNRA BE1193ALQ C3·3G"", ""candidate_norm"": ""BE1193A"", ""candidate_formatted"": ""BE 1193 A"", ""ocr_confidence"": 0.6814562380313873, ""line_center_x"": null, ""line_center_y"": null, ""line_width"": null, ""line_height"": null, ""pattern_score"": 101.0, ""geometry_score"": -4.0, ""confidence_bonus"": 9.540387332439423, ""noise_penalty"": -9.0, ""final_score"": 89.54038733243942, ""removed_noise_suffix"": ""LQC33G"", ""notes"": ""candidate from joined fallback; removed trailing noise: LQC33G; date-like trailing noise removed; joined text too long""}]",BE 1193 ALQ,BE1193ALQ,A,Kota Bandar Lampung,0.0,1.0,True,True,ok,1002.3862420000569,candidate from single OCR line,Benar,Plat dan wilayah terbaca benar.,Tidak perlu perbaikan untuk gambar ini.
alpr_lampung_000036.jpg,test,BE 1498 GP,BE1498GP,G,Kabupaten Lampung Tengah,ok,BE 1498 GP 11·29,"[{""text"": ""BE 1498 GP"", ""score"": 0.9199733734130859, ""center_x_ratio"": 0.405019305019305, ""center_y_ratio"": 0.7525096525096525, ""height_ratio"": 0.07644787644787644, ""width_ratio"": 0.2864864864864865}, {""text"": ""11·29"", ""score"": 0.8419142961502075, ""center_x_ratio"": 0.4092664092664093, ""center_y_ratio"": 0.7915057915057915, ""height_ratio"": 0.02471042471042471, ""width_ratio"": 0.07567567567567568}]",BE 1498 GP,BE1498GP,150.8796272277832,"[{""source"": ""full_image"", ""source_kind"": ""full_image_line"", ""line_index"": 0, ""raw_line"": ""BE 1498 GP"", ""source_text_all"": ""BE 1498 GP 11·29"", ""candidate_norm"": ""BE1498GP"", ""candidate_formatted"": ""BE 1498 GP"", ""ocr_confidence"": 0.9199733734130859, ""line_center_x"": 0.405019305019305, ""line_center_y"": 0.7525096525096525, ""line_width"": 0.2864864864864865, ""line_height"": 0.07644787644787644, ""pattern_score"": 112.0, ""geometry_score"": 16.0, ""confidence_bonus"": 12.879627227783203, ""noise_penalty"": 0.0, ""final_score"": 150.8796272277832, ""removed_noise_suffix"": """", ""notes"": ""candidate from single OCR line""}, {""source"": ""full_image"", ""source_kind"": ""full_image_line"", ""line_index"": 0, ""raw_line"": ""BE 1498 GP"", ""source_text_all"": ""BE 1498 GP 11·29"", ""candidate_norm"": ""BE1498G"", ""candidate_formatted"": ""BE 1498 G"", ""ocr_confidence"": 0.9199733734130859, ""line_center_x"": 0.405019305019305, ""line_center_y"": 0.7525096525096525, ""line_width"": 0.2864864864864865, ""line_height"": 0.07644787644787644, ""pattern_score"": 102.0, ""geometry_score"": 16.0, ""confidence_bonus"": 12.879627227783203, ""noise_penalty"": -0.7, ""final_score"": 140.17962722778321, ""removed_noise_suffix"": ""P"", ""notes"": ""candidate from single OCR line; removed trailing noise: P""}, {""source"": ""full_image"", ""source_kind"": ""full_image_joined"", ""line_index"": null, ""raw_line"": ""BE 1498 GP 11·29"", ""source_text_all"": ""BE 1498 GP 11·29"", ""candidate_norm"": ""BE1498GP"", ""candidate_formatted"": ""BE 1498 GP"", ""ocr_confidence"": 0.8809438347816467, ""line_center_x"": null, ""line_center_y"": null, ""line_width"": null, ""line_height"": null, ""pattern_score"": 106.0, ""geometry_score"": -4.0, ""confidence_bonus"": 12.333213686943054, ""noise_penalty"": -1.0, ""final_score"": 105.33321368694305, ""removed_noise_suffix"": ""1129"", ""notes"": ""candidate from joined fallback; removed trailing noise: 1129; date-like trailing noise removed""}, {""source"": ""full_image"", ""source_kind"": ""full_image_joined"", ""line_index"": null, ""raw_line"": ""BE 1498 GP 11·29"", ""source_text_all"": ""BE 1498 GP 11·29"", ""candidate_norm"": ""BE1498G"", ""candidate_formatted"": ""BE 1498 G"", ""ocr_confidence"": 0.8809438347816467, ""line_center_x"": null, ""line_center_y"": null, ""line_width"": null, ""line_height"": null, ""pattern_score"": 104.0, ""geometry_score"": -4.0, ""confidence_bonus"": 12.333213686943054, ""noise_penalty"": -1.0, ""final_score"": 103.33321368694305, ""removed_noise_suffix"": ""P1129"", ""notes"": ""candidate from joined fallback; removed trailing noise: P1129; date-like trailing noise removed""}]",BE 1498 GP,BE1498GP,G,Kab. Lampung Tengah,0.0,1.0,True,True,ok,1838.4061189999557,candidate from single OCR line,Benar,Plat dan wilayah terbaca benar.,Tidak perlu perbaikan untuk gambar ini.
alpr_lampung_000044.jpg,test,BE 2581 GDC,BE2581GDC,G,Kabupaten Lampung Tengah,ok,HONDA S BE2581GDC 09·30 ONDA OneHEART.,"[{""text"": ""HONDA"", ""score"": 0.9088505506515503, ""center_x_ratio"": 0.48678815489749433, ""center_y_ratio"": 0.19498861047835991, ""height_ratio"": 0.020956719817767654, ""width_ratio"": 0.07517084282460136}, {""text"": ""S"", ""score"": 0.16948652267456055, ""center_x_ratio"": 0.7084282460136674, ""center_y_ratio"": 0.2498861047835991, ""height_ratio"": 0.0724373576309795, ""width_ratio"": 0.06560364464692484}, {""text"": ""BE2581GDC"", ""score"": 0.8839470148086548, ""center_x_ratio"": 0.4988610478359909, ""center_y_ratio"": 0.5555808656036446, ""height_ratio"": 0.0888382687927107, ""width_ratio"": 0.2979498861047836}, {""text"": ""09·30"", ""score"": 0.8834797143936157, ""center_x_ratio"": 0.5733485193621868, ""center_y_ratio"": 0.6154897494305239, ""height_ratio"": 0.04738041002277904, ""width_ratio"": 0.13621867881548974}, {""text"": ""ONDA"", ""score"": 0.9545280933380127, ""center_x_ratio"": 0.3949886104783599, ""center_y_ratio"": 0.6498861047835991, ""height_ratio"": 0.010478359908883827, ""width_ratio"": 0.05193621867881549}, {""text"": ""OneHEART."", ""score"": 0.9099024534225464, ""center_x_ratio"": 0.6084282460136674, ""center_y_ratio"": 0.6505694760820045, ""height_ratio"": 0.01366742596810934, ""width_ratio"": 0.06697038724373576}]",BE2581GDC,BE2581GDC,156.37525820732117,"[{""source"": ""full_image"", ""source_kind"": ""full_image_line"", ""line_index"": 2, ""raw_line"": ""BE2581GDC"", ""source_text_all"": ""HONDA S BE2581GDC 09·30 ONDA OneHEART."", ""candidate_norm"": ""BE2581GDC"", ""candidate_formatted"": ""BE 2581 GDC"", ""ocr_confidence"": 0.8839470148086548, ""line_center_x"": 0.4988610478359909, ""line_center_y"": 0.5555808656036446, ""line_width"": 0.2979498861047836, ""line_height"": 0.0888382687927107, ""pattern_score"": 118.0, ""geometry_score"": 16.0, ""confidence_bonus"": 12.375258207321167, ""noise_penalty"": 0.0, ""final_score"": 156.37525820732117, ""removed_noise_suffix"": """", ""notes"": ""candidate from single OCR line""}, {""source"": ""full_image"", ""source_kind"": ""full_image_line"", ""line_index"": 2, ""raw_line"": ""BE2581GDC"", ""source_text_all"": ""HONDA S BE2581GDC 09·30 ONDA OneHEART."", ""candidate_norm"": ""BE2581GD"", ""candidate_formatted"": ""BE 2581 GD"", ""ocr_confidence"": 0.8839470148086548, ""line_center_x"": 0.4988610478359909, ""line_center_y"": 0.5555808656036446, ""line_width"": 0.2979498861047836, ""line_height"": 0.0888382687927107, ""pattern_score"": 101.0, ""geometry_score"": 16.0, ""confidence_bonus"": 12.375258207321167, ""noise_penalty"": -0.7, ""final_score"": 138.67525820732118, ""removed_noise_suffix"": ""C"", ""notes"": ""candidate from single OCR line; removed trailing noise: C""}, {""source"": ""full_image"", ""source_kind"": ""full_image_line"", ""line_index"": 2, ""raw_line"": ""BE2581GDC"", ""source_text_all"": ""HONDA S BE2581GDC 09·30 ONDA OneHEART."", ""candidate_norm"": ""BE2581G"", ""candidate_formatted"": ""BE 2581 G"", ""ocr_confidence"": 0.8839470148086548, ""line_center_x"": 0.4988610478359909, ""line_center_y"": 0.5555808656036446, ""line_width"": 0.2979498861047836, ""line_height"": 0.0888382687927107, ""pattern_score"": 99.0, ""geometry_score"": 16.0, ""confidence_bonus"": 12.375258207321167, ""noise_penalty"": -1.4, ""final_score"": 135.97525820732116, ""removed_noise_suffix"": ""DC"", ""notes"": ""candidate from single OCR line; removed trailing noise: DC""}, {""source"": ""full_image"", ""source_kind"": ""full_image_joined"", ""line_index"": null, ""raw_line"": ""HONDA S BE2581GDC 09·30 ONDA OneHEART."", ""source_text_all"": ""HONDA S BE2581GDC 09·30 ONDA OneHEART."", ""candidate_norm"": ""BE2581GDC"", ""candidate_formatted"": ""BE 2581 GDC"", ""ocr_confidence"": 0.7850323915481567, ""line_center_x"": null, ""line_center_y"": null, ""line_width"": null, ""line_height"": null, ""pattern_score"": 112.0, ""geometry_score"": -4.0, ""confidence_bonus"": 10.990453481674194, ""noise_penalty"": -25.0, ""final_score"": 85.9904534816742, ""removed_noise_suffix"": ""0930ONDAONEHEART"", ""notes"": ""candidate from joined fallback; non-plate word detected: HONDA,ONEHEART; removed trailing noise: 0930ONDAONEHEART; date-like trailing noise removed; joined text too long""}, {""source"": ""full_image"", ""source_kind"": ""full_image_joined"", ""line_index"": null, ""raw_line"": ""HONDA S BE2581GDC 09·30 ONDA OneHEART."", ""source_text_all"": ""HONDA S BE2581GDC 09·30 ONDA OneHEART."", ""candidate_norm"": ""BE2581GD"", ""candidate_formatted"": ""BE 2581 GD"", ""ocr_confidence"": 0.7850323915481567, ""line_center_x"": null, ""line_center_y"": null, ""line_width"": null, ""line_height"": null, ""pattern_score"": 103.0, ""geometry_score"": -4.0, ""confidence_bonus"": 10.990453481674194, ""noise_penalty"": -25.0, ""final_score"": 76.9904534816742, ""removed_noise_suffix"": ""C0930ONDAONEHEART"", ""notes"": ""candidate from joined fallback; non-plate word detected: HONDA,ONEHEART; removed trailing noise: C0930ONDAONEHEART; date-like trailing noise removed; joined text too long""}, {""source"": ""full_image"", ""source_kind"": ""full_image_joined"", ""line_index"": null, ""raw_line"": ""HONDA S BE2581GDC 09·30 ONDA OneHEART."", ""source_text_all"": ""HONDA S BE2581GDC 09·30 ONDA OneHEART."", ""candidate_norm"": ""BE2581G"", ""candidate_formatted"": ""BE 2581 G"", ""ocr_confidence"": 0.7850323915481567, ""line_center_x"": null, ""line_center_y"": null, ""line_width"": null, ""line_height"": null, ""pattern_score"": 101.0, ""geometry_score"": -4.0, ""confidence_bonus"": 10.990453481674194, ""noise_penalty"": -25.0, ""final_score"": 74.9904534816742, ""removed_noise_suffix"": ""DC0930ONDAONEHEART"", ""notes"": ""candidate from joined fallback; non-plate word detected: HONDA,ONEHEART; removed trailing noise: DC0930ONDAONEHEART; date-like trailing noise removed; joined text too long""}]",BE 2581 GDC,BE2581GDC,G,Kab. Lampung Tengah,0.0,1.0,True,True,ok,6648.654151999949,candidate from single OCR line,Benar,Plat dan wilayah terbaca benar.,Tidak perlu perbaikan untuk gambar ini.
alpr_lampung_000117.jpg,test,BE 1482 BW,BE1482BW,B,Kota Bandar Lampung,ok,NISSAN BE 1482 BW 11.28,"[{""text"": ""NISSAN"", ""score"": 0.9693614840507507, ""center_x_ratio"": 0.47793103448275864, ""center_y_ratio"": 0.5293103448275862, ""height_ratio"": 0.017241379310344827, ""width_ratio"": 0.06758620689655172}, {""text"": ""BE 1482 BW"", ""score"": 0.9246956706047058, ""center_x_ratio"": 0.4748275862068966, ""center_y_ratio"": 0.7710344827586207, ""height_ratio"": 0.08, ""width_ratio"": 0.3137931034482759}, {""text"": ""11.28"", ""score"": 0.9187124967575073, ""center_x_ratio"": 0.47551724137931034, ""center_y_ratio"": 0.8106896551724138, ""height_ratio"": 0.025517241379310347, ""width_ratio"": 0.08620689655172414}]",BE 1482 BW,BE1482BW,150.94573938846588,"[{""source"": ""full_image"", ""source_kind"": ""full_image_line"", ""line_index"": 1, ""raw_line"": ""BE 1482 BW"", ""source_text_all"": ""NISSAN BE 1482 BW 11.28"", ""candidate_norm"": ""BE1482BW"", ""candidate_formatted"": ""BE 1482 BW"", ""ocr_confidence"": 0.9246956706047058, ""line_center_x"": 0.4748275862068966, ""line_center_y"": 0.7710344827586207, ""line_width"": 0.3137931034482759, ""line_height"": 0.08, ""pattern_score"": 112.0, ""geometry_score"": 16.0, ""confidence_bonus"": 12.945739388465881, ""noise_penalty"": 0.0, ""final_score"": 150.94573938846588, ""removed_noise_suffix"": """", ""notes"": ""candidate from single OCR line""}, {""source"": ""full_image"", ""source_kind"": ""full_image_line"", ""line_index"": 1, ""raw_line"": ""BE 1482 BW"", ""source_text_all"": ""NISSAN BE 1482 BW 11.28"", ""candidate_norm"": ""BE1482B"", ""candidate_formatted"": ""BE 1482 B"", ""ocr_confidence"": 0.9246956706047058, ""line_center_x"": 0.4748275862068966, ""line_center_y"": 0.7710344827586207, ""line_width"": 0.3137931034482759, ""line_height"": 0.08, ""pattern_score"": 102.0, ""geometry_score"": 16.0, ""confidence_bonus"": 12.945739388465881, ""noise_penalty"": -0.7, ""final_score"": 140.2457393884659, ""removed_noise_suffix"": ""W"", ""notes"": ""candidate from single OCR line; removed trailing noise: W""}, {""source"": ""full_image"", ""source_kind"": ""full_image_joined"", ""line_index"": null, ""raw_line"": ""NISSAN BE 1482 BW 11.28"", ""source_text_all"": ""NISSAN BE 1482 BW 11.28"", ""candidate_norm"": ""BE1482BW"", ""candidate_formatted"": ""BE 1482 BW"", ""ocr_confidence"": 0.9375898838043213, ""line_center_x"": null, ""line_center_y"": null, ""line_width"": null, ""line_height"": null, ""pattern_score"": 106.0, ""geometry_score"": -4.0, ""confidence_bonus"": 13.126258373260498, ""noise_penalty"": -17.0, ""final_score"": 90.1262583732605, ""removed_noise_suffix"": ""1128"", ""notes"": ""candidate from joined fallback; non-plate word detected: NISSAN; removed trailing noise: 1128; date-like trailing noise removed; joined text too long""}, {""source"": ""full_image"", ""source_kind"": ""full_image_joined"", ""line_index"": null, ""raw_line"": ""NISSAN BE 1482 BW 11.28"", ""source_text_all"": ""NISSAN BE 1482 BW 11.28"", ""candidate_norm"": ""BE1482B"", ""candidate_formatted"": ""BE 1482 B"", ""ocr_confidence"": 0.9375898838043213, ""line_center_x"": null, ""line_center_y"": null, ""line_width"": null, ""line_height"": null, ""pattern_score"": 104.0, ""geometry_score"": -4.0, ""confidence_bonus"": 13.126258373260498, ""noise_penalty"": -17.0, ""final_score"": 88.1262583732605, ""removed_noise_suffix"": ""W1128"", ""notes"": ""candidate from joined fallback; non-plate word detected: NISSAN; removed trailing noise: W1128; date-like trailing noise removed; joined text too long""}]",BE 1482 BW,BE1482BW,B,Kota Bandar Lampung,0.0,1.0,True,True,ok,2231.7780960000846,candidate from single OCR line,Benar,Plat dan wilayah terbaca benar.,Tidak perlu perbaikan untuk gambar ini.
alpr_lampung_000127.jpg,test,BE 2919 RG,BE2919RG,R,Kabupaten Pesawaran,ok,EBA3NTINOA C16HDA NBNN 自 BE2919 RG 07.29,"[{""text"": ""EBA3NTINOA"", ""score"": 0.5920226573944092, ""center_x_ratio"": 0.2792617775619233, ""center_y_ratio"": 0.03181155900922778, ""height_ratio"": 0.04613890237979602, ""width_ratio"": 0.013598834385624089}, {""text"": ""C16HDA"", ""score"": 0.30195316672325134, ""center_x_ratio"": 0.31301602719766874, ""center_y_ratio"": 0.053181155900922775, ""height_ratio"": 0.09179213210296261, ""width_ratio"": 0.04613890237979602}, {""text"": ""NBNN"", ""score"": 0.6316110491752625, ""center_x_ratio"": 0.35259834871296747, ""center_y_ratio"": 0.19184069936862555, ""height_ratio"": 0.12918892666342885, ""width_ratio"": 0.07382224380767363}, {""text"": ""自"", ""score"": 0.0982239842414856, ""center_x_ratio"": 0.03302574065080136, ""center_y_ratio"": 0.28848955803788245, ""height_ratio"": 0.02428363283147159, ""width_ratio"": 0.017484215638659543}, {""text"": ""BE2919 RG"", ""score"": 0.9069914221763611, ""center_x_ratio"": 0.5104419621175328, ""center_y_ratio"": 0.5429820301117048, ""height_ratio"": 0.09907722195240408, ""width_ratio"": 0.3370568237008256}, {""text"": ""07.29"", ""score"": 0.8345758318901062, ""center_x_ratio"": 0.5956775133559981, ""center_y_ratio"": 0.6046624575036426, ""height_ratio"": 0.05245264691597863, ""width_ratio"": 0.15687226809130647}]",BE2919 RG,BE2919RG,150.69787991046906,"[{""source"": ""full_image"", ""source_kind"": ""full_image_line"", ""line_index"": 4, ""raw_line"": ""BE2919 RG"", ""source_text_all"": ""EBA3NTINOA C16HDA NBNN 自 BE2919 RG 07.29"", ""candidate_norm"": ""BE2919RG"", ""candidate_formatted"": ""BE 2919 RG"", ""ocr_confidence"": 0.9069914221763611, ""line_center_x"": 0.5104419621175328, ""line_center_y"": 0.5429820301117048, ""line_width"": 0.3370568237008256, ""line_height"": 0.09907722195240408, ""pattern_score"": 112.0, ""geometry_score"": 16.0, ""confidence_bonus"": 12.697879910469055, ""noise_penalty"": 0.0, ""final_score"": 150.69787991046906, ""removed_noise_suffix"": """", ""notes"": ""candidate from single OCR line""}, {""source"": ""full_image"", ""source_kind"": ""full_image_line"", ""line_index"": 4, ""raw_line"": ""BE2919 RG"", ""source_text_all"": ""EBA3NTINOA C16HDA NBNN 自 BE2919 RG 07.29"", ""candidate_norm"": ""BE2919R"", ""candidate_formatted"": ""BE 2919 R"", ""ocr_confidence"": 0.9069914221763611, ""line_center_x"": 0.5104419621175328, ""line_center_y"": 0.5429820301117048, ""line_width"": 0.3370568237008256, ""line_height"": 0.09907722195240408, ""pattern_score"": 102.0, ""geometry_score"": 16.0, ""confidence_bonus"": 12.697879910469055, ""noise_penalty"": -0.7, ""final_score"": 139.99787991046907, ""removed_noise_suffix"": ""G"", ""notes"": ""candidate from single OCR line; removed trailing noise: G""}, {""source"": ""full_image"", ""source_kind"": ""full_image_joined"", ""line_index"": null, ""raw_line"": ""EBA3NTINOA C16HDA NBNN 自 BE2919 RG 07.29"", ""source_text_all"": ""EBA3NTINOA C16HDA NBNN 自 BE2919 RG 07.29"", ""candidate_norm"": ""BE2919RG"", ""candidate_formatted"": ""BE 2919 RG"", ""ocr_confidence"": 0.5608963519334793, ""line_center_x"": null, ""line_center_y"": null, ""line_width"": null, ""line_height"": null, ""pattern_score"": 106.0, ""geometry_score"": -4.0, ""confidence_bonus"": 7.85254892706871, ""noise_penalty"": -9.0, ""final_score"": 92.85254892706871, ""removed_noise_suffix"": ""0729"", ""notes"": ""candidate from joined fallback; removed trailing noise: 0729; date-like trailing noise removed; joined text too long""}, {""source"": ""full_image"", ""source_kind"": ""full_image_joined"", ""line_index"": null, ""raw_line"": ""EBA3NTINOA C16HDA NBNN 自 BE2919 RG 07.29"", ""source_text_all"": ""EBA3NTINOA C16HDA NBNN 自 BE2919 RG 07.29"", ""candidate_norm"": ""BE2919R"", ""candidate_formatted"": ""BE 2919 R"", ""ocr_confidence"": 0.5608963519334793, ""line_center_x"": null, ""line_center_y"": null, ""line_width"": null, ""line_height"": null, ""pattern_score"": 104.0, ""geometry_score"": -4.0, ""confidence_bonus"": 7.85254892706871, ""noise_penalty"": -9.0, ""final_score"": 90.85254892706871, ""removed_noise_suffix"": ""G0729"", ""notes"": ""candidate from joined fallback; removed trailing noise: G0729; date-like trailing noise removed; joined text too long""}]",BE 2919 RG,BE2919RG,R,Kab. Pesawaran,0.0,1.0,True,True,ok,4034.4000609999284,candidate from single OCR line,Benar,Plat dan wilayah terbaca benar.,Tidak perlu perbaikan untuk gambar ini.
alpr_lampung_000133.jpg,test,BE 1707 CF,BE1707CF,C,Kota Bandar Lampung,ok,AVAINZA BE 1707 CF 02.28,"[{""text"": ""AVAINZA"", ""score"": 0.8613848090171814, ""center_x_ratio"": 0.5587786259541985, ""center_y_ratio"": 0.5034351145038168, ""height_ratio"": 0.02366412213740458, ""width_ratio"": 0.13740458015267176}, {""text"": ""BE"", ""score"": 0.9956107139587402, ""center_x_ratio"": 0.45534351145038165, ""center_y_ratio"": 0.7931297709923664, ""height_ratio"": 0.059541984732824425, ""width_ratio"": 0.06946564885496183}, {""text"": ""1707"", ""score"": 0.9983201026916504, ""center_x_ratio"": 0.5545801526717558, ""center_y_ratio"": 0.7904580152671755, ""height_ratio"": 0.0648854961832061, ""width_ratio"": 0.15954198473282444}, {""text"": ""CF"", ""score"": 0.9828657507896423, ""center_x_ratio"": 0.6729007633587786, ""center_y_ratio"": 0.7870229007633588, ""height_ratio"": 0.061068702290076333, ""width_ratio"": 0.06641221374045801}, {""text"": ""02.28"", ""score"": 0.8955151438713074, ""center_x_ratio"": 0.5645038167938932, ""center_y_ratio"": 0.8316793893129771, ""height_ratio"": 0.02366412213740458, ""width_ratio"": 0.0816793893129771}]",AVAINZA BE 1707 CF 02.28,BE1707CF,98.25435025691986,"[{""source"": ""full_image"", ""source_kind"": ""full_image_joined"", ""line_index"": null, ""raw_line"": ""AVAINZA BE 1707 CF 02.28"", ""source_text_all"": ""AVAINZA BE 1707 CF 02.28"", ""candidate_norm"": ""BE1707CF"", ""candidate_formatted"": ""BE 1707 CF"", ""ocr_confidence"": 0.9467393040657044, ""line_center_x"": null, ""line_center_y"": null, ""line_width"": null, ""line_height"": null, ""pattern_score"": 106.0, ""geometry_score"": -4.0, ""confidence_bonus"": 13.254350256919862, ""noise_penalty"": -9.0, ""final_score"": 98.25435025691986, ""removed_noise_suffix"": ""0228"", ""notes"": ""candidate from joined fallback; removed trailing noise: 0228; date-like trailing noise removed; joined text too long""}, {""source"": ""full_image"", ""source_kind"": ""full_image_joined"", ""line_index"": null, ""raw_line"": ""AVAINZA BE 1707 CF 02.28"", ""source_text_all"": ""AVAINZA BE 1707 CF 02.28"", ""candidate_norm"": ""BE1707C"", ""candidate_formatted"": ""BE 1707 C"", ""ocr_confidence"": 0.9467393040657044, ""line_center_x"": null, ""line_center_y"": null, ""line_width"": null, ""line_height"": null, ""pattern_score"": 104.0, ""geometry_score"": -4.0, ""confidence_bonus"": 13.254350256919862, ""noise_penalty"": -9.0, ""final_score"": 96.25435025691986, ""removed_noise_suffix"": ""F0228"", ""notes"": ""candidate from joined fallback; removed trailing noise: F0228; date-like trailing noise removed; joined text too long""}]",BE 1707 CF,BE1707CF,C,Kota Bandar Lampung,0.0,1.0,True,True,ok,1421.6690089999702,candidate from joined fallback; removed trailing noise: 0228; date-like trailing noise removed; joined text too long,Benar,Plat dan wilayah terbaca benar.,Tidak perlu perbaikan untuk gambar ini.
alpr_lampung_000168.jpg,test,BE 2182 HX,BE2182HX,H,Kabupaten Lampung Tengah,ok,HONDA BE2182.HX 09.27,"[{""text"": ""HONDA"", ""score"": 0.9980955123901367, ""center_x_ratio"": 0.5090519294902335, ""center_y_ratio"": 0.38161029061457835, ""height_ratio"": 0.015245354930919485, ""width_ratio"": 0.06431634111481659}, {""text"": ""BE2182.HX"", ""score"": 0.9395642876625061, ""center_x_ratio"": 0.5026202953787517, ""center_y_ratio"": 0.48904240114340164, ""height_ratio"": 0.09385421629347308, ""width_ratio"": 0.2991900905192949}, {""text"": ""09.27"", ""score"": 0.9428680539131165, ""center_x_ratio"": 0.5812291567413054, ""center_y_ratio"": 0.5409718913768461, ""height_ratio"": 0.040495474035254886, ""width_ratio"": 0.13053835159599808}]",BE2182.HX,BE2182HX,151.15390002727509,"[{""source"": ""full_image"", ""source_kind"": ""full_image_line"", ""line_index"": 1, ""raw_line"": ""BE2182.HX"", ""source_text_all"": ""HONDA BE2182.HX 09.27"", ""candidate_norm"": ""BE2182HX"", ""candidate_formatted"": ""BE 2182 HX"", ""ocr_confidence"": 0.9395642876625061, ""line_center_x"": 0.5026202953787517, ""line_center_y"": 0.48904240114340164, ""line_width"": 0.2991900905192949, ""line_height"": 0.09385421629347308, ""pattern_score"": 112.0, ""geometry_score"": 16.0, ""confidence_bonus"": 13.153900027275085, ""noise_penalty"": 0.0, ""final_score"": 151.15390002727509, ""removed_noise_suffix"": """", ""notes"": ""candidate from single OCR line""}, {""source"": ""full_image"", ""source_kind"": ""full_image_line"", ""line_index"": 1, ""raw_line"": ""BE2182.HX"", ""source_text_all"": ""HONDA BE2182.HX 09.27"", ""candidate_norm"": ""BE2182H"", ""candidate_formatted"": ""BE 2182 H"", ""ocr_confidence"": 0.9395642876625061, ""line_center_x"": 0.5026202953787517, ""line_center_y"": 0.48904240114340164, ""line_width"": 0.2991900905192949, ""line_height"": 0.09385421629347308, ""pattern_score"": 102.0, ""geometry_score"": 16.0, ""confidence_bonus"": 13.153900027275085, ""noise_penalty"": -0.7, ""final_score"": 140.4539000272751, ""removed_noise_suffix"": ""X"", ""notes"": ""candidate from single OCR line; removed trailing noise: X""}, {""source"": ""full_image"", ""source_kind"": ""full_image_joined"", ""line_index"": null, ""raw_line"": ""HONDA BE2182.HX 09.27"", ""source_text_all"": ""HONDA BE2182.HX 09.27"", ""candidate_norm"": ""BE2182HX"", ""candidate_formatted"": ""BE 2182 HX"", ""ocr_confidence"": 0.9601759513219198, ""line_center_x"": null, ""line_center_y"": null, ""line_width"": null, ""line_height"": null, ""pattern_score"": 106.0, ""geometry_score"": -4.0, ""confidence_bonus"": 13.442463318506878, ""noise_penalty"": -17.0, ""final_score"": 90.44246331850688, ""removed_noise_suffix"": ""0927"", ""notes"": ""candidate from joined fallback; non-plate word detected: HONDA; removed trailing noise: 0927; date-like trailing noise removed; joined text too long""}, {""source"": ""full_image"", ""source_kind"": ""full_image_joined"", ""line_index"": null, ""raw_line"": ""HONDA BE2182.HX 09.27"", ""source_text_all"": ""HONDA BE2182.HX 09.27"", ""candidate_norm"": ""BE2182H"", ""candidate_formatted"": ""BE 2182 H"", ""ocr_confidence"": 0.9601759513219198, ""line_center_x"": null, ""line_center_y"": null, ""line_width"": null, ""line_height"": null, ""pattern_score"": 104.0, ""geometry_score"": -4.0, ""confidence_bonus"": 13.442463318506878, ""noise_penalty"": -17.0, ""final_score"": 88.44246331850688, ""removed_noise_suffix"": ""X0927"", ""notes"": ""candidate from joined fallback; non-plate word detected: HONDA; removed trailing noise: X0927; date-like trailing noise removed; joined text too long""}]",BE 2182 HX,BE2182HX,H,Kab. Lampung Tengah,0.0,1.0,True,True,ok,5961.327035000068,candidate from single OCR line,Benar,Plat dan wilayah terbaca benar.,Tidak perlu perbaikan untuk gambar ini.
alpr_lampung_000174.jpg,test,BE 2476 NCZ,BE2476NCZ,N,Kabupaten Lampung Timur,ok,AT BE2476NCZ 05.29,"[{""text"": ""AT"", ""score"": 0.7532980442047119, ""center_x_ratio"": 0.01583467525496511, ""center_y_ratio"": 0.0190552871712292, ""height_ratio"": 0.027375201288244767, ""width_ratio"": 0.03166935050993022}, {""text"": ""BE2476NCZ"", ""score"": 0.996211588382721, ""center_x_ratio"": 0.4981213097155126, ""center_y_ratio"": 0.4326355340848094, ""height_ratio"": 0.06977992485238863, ""width_ratio"": 0.28878153515834676}, {""text"": ""05.29"", ""score"": 0.9044116735458374, ""center_x_ratio"": 0.5794417606011809, ""center_y_ratio"": 0.4919484702093398, ""height_ratio"": 0.04455179817498658, ""width_ratio"": 0.1282877079978529}]",BE2476NCZ,BE2476NCZ,157.9469622373581,"[{""source"": ""full_image"", ""source_kind"": ""full_image_line"", ""line_index"": 1, ""raw_line"": ""BE2476NCZ"", ""source_text_all"": ""AT BE2476NCZ 05.29"", ""candidate_norm"": ""BE2476NCZ"", ""candidate_formatted"": ""BE 2476 NCZ"", ""ocr_confidence"": 0.996211588382721, ""line_center_x"": 0.4981213097155126, ""line_center_y"": 0.4326355340848094, ""line_width"": 0.28878153515834676, ""line_height"": 0.06977992485238863, ""pattern_score"": 118.0, ""geometry_score"": 16.0, ""confidence_bonus"": 13.946962237358093, ""noise_penalty"": 0.0, ""final_score"": 157.9469622373581, ""removed_noise_suffix"": """", ""notes"": ""candidate from single OCR line""}, {""source"": ""full_image"", ""source_kind"": ""full_image_line"", ""line_index"": 1, ""raw_line"": ""BE2476NCZ"", ""source_text_all"": ""AT BE2476NCZ 05.29"", ""candidate_norm"": ""BE2476NC"", ""candidate_formatted"": ""BE 2476 NC"", ""ocr_confidence"": 0.996211588382721, ""line_center_x"": 0.4981213097155126, ""line_center_y"": 0.4326355340848094, ""line_width"": 0.28878153515834676, ""line_height"": 0.06977992485238863, ""pattern_score"": 101.0, ""geometry_score"": 16.0, ""confidence_bonus"": 13.946962237358093, ""noise_penalty"": -0.7, ""final_score"": 140.2469622373581, ""removed_noise_suffix"": ""Z"", ""notes"": ""candidate from single OCR line; removed trailing noise: Z""}, {""source"": ""full_image"", ""source_kind"": ""full_image_line"", ""line_index"": 1, ""raw_line"": ""BE2476NCZ"", ""source_text_all"": ""AT BE2476NCZ 05.29"", ""candidate_norm"": ""BE2476N"", ""candidate_formatted"": ""BE 2476 N"", ""ocr_confidence"": 0.996211588382721, ""line_center_x"": 0.4981213097155126, ""line_center_y"": 0.4326355340848094, ""line_width"": 0.28878153515834676, ""line_height"": 0.06977992485238863, ""pattern_score"": 99.0, ""geometry_score"": 16.0, ""confidence_bonus"": 13.946962237358093, ""noise_penalty"": -1.4, ""final_score"": 137.5469622373581, ""removed_noise_suffix"": ""CZ"", ""notes"": ""candidate from single OCR line; removed trailing noise: CZ""}, {""source"": ""full_image"", ""source_kind"": ""full_image_joined"", ""line_index"": null, ""raw_line"": ""AT BE2476NCZ 05.29"", ""source_text_all"": ""AT BE2476NCZ 05.29"", ""candidate_norm"": ""BE2476NCZ"", ""candidate_formatted"": ""BE 2476 NCZ"", ""ocr_confidence"": 0.8846404353777567, ""line_center_x"": null, ""line_center_y"": null, ""line_width"": null, ""line_height"": null, ""pattern_score"": 112.0, ""geometry_score"": -4.0, ""confidence_bonus"": 12.384966095288593, ""noise_penalty"": -9.0, ""final_score"": 103.38496609528859, ""removed_noise_suffix"": ""0529"", ""notes"": ""candidate from joined fallback; removed trailing noise: 0529; date-like trailing noise removed; joined text too long""}, {""source"": ""full_image"", ""source_kind"": ""full_image_joined"", ""line_index"": null, ""raw_line"": ""AT BE2476NCZ 05.29"", ""source_text_all"": ""AT BE2476NCZ 05.29"", ""candidate_norm"": ""BE2476NC"", ""candidate_formatted"": ""BE 2476 NC"", ""ocr_confidence"": 0.8846404353777567, ""line_center_x"": null, ""line_center_y"": null, ""line_width"": null, ""line_height"": null, ""pattern_score"": 103.0, ""geometry_score"": -4.0, ""confidence_bonus"": 12.384966095288593, ""noise_penalty"": -9.0, ""final_score"": 94.38496609528859, ""removed_noise_suffix"": ""Z0529"", ""notes"": ""candidate from joined fallback; removed trailing noise: Z0529; date-like trailing noise removed; joined text too long""}, {""source"": ""full_image"", ""source_kind"": ""full_image_joined"", ""line_index"": null, ""raw_line"": ""AT BE2476NCZ 05.29"", ""source_text_all"": ""AT BE2476NCZ 05.29"", ""candidate_norm"": ""BE2476N"", ""candidate_formatted"": ""BE 2476 N"", ""ocr_confidence"": 0.8846404353777567, ""line_center_x"": null, ""line_center_y"": null, ""line_width"": null, ""line_height"": null, ""pattern_score"": 101.0, ""geometry_score"": -4.0, ""confidence_bonus"": 12.384966095288593, ""noise_penalty"": -9.0, ""final_score"": 92.38496609528859, ""removed_noise_suffix"": ""CZ0529"", ""notes"": ""candidate from joined fallback; removed trailing noise: CZ0529; date-like trailing noise removed; joined text too long""}]",BE 2476 NCZ,BE2476NCZ,N,Kab. Lampung Timur,0.0,1.0,True,True,ok,3126.0442589999684,candidate from single OCR line,Benar,Plat dan wilayah terbaca benar.,Tidak perlu perbaikan untuk gambar ini.
alpr_lampung_000179.jpg,test,BE 8836 D,BE8836D,D,Kabupaten Lampung Selatan,ok,BE:8836°D C7·28,"[{""text"": ""BE:8836°D"", ""score"": 0.9255695343017578, ""center_x_ratio"": 0.5101694915254237, ""center_y_ratio"": 0.7724576271186441, ""height_ratio"": 0.07033898305084746, ""width_ratio"": 0.3016949152542373}, {""text"": ""C7·28"", ""score"": 0.8197084665298462, ""center_x_ratio"": 0.5080508474576271, ""center_y_ratio"": 0.811864406779661, ""height_ratio"": 0.02711864406779661, ""width_ratio"": 0.0788135593220339}]",BE:8836°D,BE8836D,148.9579734802246,"[{""source"": ""full_image"", ""source_kind"": ""full_image_line"", ""line_index"": 0, ""raw_line"": ""BE:8836°D"", ""source_text_all"": ""BE:8836°D C7·28"", ""candidate_norm"": ""BE8836D"", ""candidate_formatted"": ""BE 8836 D"", ""ocr_confidence"": 0.9255695343017578, ""line_center_x"": 0.5101694915254237, ""line_center_y"": 0.7724576271186441, ""line_width"": 0.3016949152542373, ""line_height"": 0.07033898305084746, ""pattern_score"": 110.0, ""geometry_score"": 16.0, ""confidence_bonus"": 12.95797348022461, ""noise_penalty"": 0.0, ""final_score"": 148.9579734802246, ""removed_noise_suffix"": """", ""notes"": ""candidate from single OCR line""}, {""source"": ""full_image"", ""source_kind"": ""full_image_joined"", ""line_index"": null, ""raw_line"": ""BE:8836°D C7·28"", ""source_text_all"": ""BE:8836°D C7·28"", ""candidate_norm"": ""BE8836DC"", ""candidate_formatted"": ""BE 8836 DC"", ""ocr_confidence"": 0.872639000415802, ""line_center_x"": null, ""line_center_y"": null, ""line_width"": null, ""line_height"": null, ""pattern_score"": 106.0, ""geometry_score"": -4.0, ""confidence_bonus"": 12.216946005821228, ""noise_penalty"": -1.0, ""final_score"": 105.21694600582123, ""removed_noise_suffix"": ""728"", ""notes"": ""candidate from joined fallback; removed trailing noise: 728; date-like trailing noise removed""}, {""source"": ""full_image"", ""source_kind"": ""full_image_joined"", ""line_index"": null, ""raw_line"": ""BE:8836°D C7·28"", ""source_text_all"": ""BE:8836°D C7·28"", ""candidate_norm"": ""BE8836D"", ""candidate_formatted"": ""BE 8836 D"", ""ocr_confidence"": 0.872639000415802, ""line_center_x"": null, ""line_center_y"": null, ""line_width"": null, ""line_height"": null, ""pattern_score"": 104.0, ""geometry_score"": -4.0, ""confidence_bonus"": 12.216946005821228, ""noise_penalty"": -1.0, ""final_score"": 103.21694600582123, ""removed_noise_suffix"": ""C728"", ""notes"": ""candidate from joined fallback; removed trailing noise: C728; date-like trailing noise removed""}]",BE 8836 D,BE8836D,D,Kab. Lampung Selatan,0.0,1.0,True,True,ok,1620.0109760000032,candidate from single OCR line,Benar,Plat dan wilayah terbaca benar.,Tidak perlu perbaikan untuk gambar ini.
alpr_lampung_000181.jpg,test,BE 2866 KK,BE2866KK,K,Kabupaten Lampung Utara,ok,BE2866KK 06.3G,"[{""text"": ""BE2866KK"", ""score"": 0.9962461590766907, ""center_x_ratio"": 0.5142937219730942, ""center_y_ratio"": 0.46860986547085204, ""height_ratio"": 0.10201793721973094, ""width_ratio"": 0.3850896860986547}, {""text"": ""06.3G"", ""score"": 0.7836545705795288, ""center_x_ratio"": 0.6135089686098655, ""center_y_ratio"": 0.547645739910314, ""height_ratio"": 0.05717488789237668, ""width_ratio"": 0.17208520179372197}]",BE2866KK,BE2866KK,151.94744622707367,"[{""source"": ""full_image"", ""source_kind"": ""full_image_line"", ""line_index"": 0, ""raw_line"": ""BE2866KK"", ""source_text_all"": ""BE2866KK 06.3G"", ""candidate_norm"": ""BE2866KK"", ""candidate_formatted"": ""BE 2866 KK"", ""ocr_confidence"": 0.9962461590766907, ""line_center_x"": 0.5142937219730942, ""line_center_y"": 0.46860986547085204, ""line_width"": 0.3850896860986547, ""line_height"": 0.10201793721973094, ""pattern_score"": 112.0, ""geometry_score"": 16.0, ""confidence_bonus"": 13.94744622707367, ""noise_penalty"": 0.0, ""final_score"": 151.94744622707367, ""removed_noise_suffix"": """", ""notes"": ""candidate from single OCR line""}, {""source"": ""full_image"", ""source_kind"": ""full_image_line"", ""line_index"": 0, ""raw_line"": ""BE2866KK"", ""source_text_all"": ""BE2866KK 06.3G"", ""candidate_norm"": ""BE2866K"", ""candidate_formatted"": ""BE 2866 K"", ""ocr_confidence"": 0.9962461590766907, ""line_center_x"": 0.5142937219730942, ""line_center_y"": 0.46860986547085204, ""line_width"": 0.3850896860986547, ""line_height"": 0.10201793721973094, ""pattern_score"": 102.0, ""geometry_score"": 16.0, ""confidence_bonus"": 13.94744622707367, ""noise_penalty"": -0.7, ""final_score"": 141.24744622707368, ""removed_noise_suffix"": ""K"", ""notes"": ""candidate from single OCR line; removed trailing noise: K""}, {""source"": ""full_image"", ""source_kind"": ""full_image_joined"", ""line_index"": null, ""raw_line"": ""BE2866KK 06.3G"", ""source_text_all"": ""BE2866KK 06.3G"", ""candidate_norm"": ""BE2866KK"", ""candidate_formatted"": ""BE 2866 KK"", ""ocr_confidence"": 0.8899503648281097, ""line_center_x"": null, ""line_center_y"": null, ""line_width"": null, ""line_height"": null, ""pattern_score"": 106.0, ""geometry_score"": -4.0, ""confidence_bonus"": 12.459305107593536, ""noise_penalty"": -1.0, ""final_score"": 105.45930510759354, ""removed_noise_suffix"": ""063G"", ""notes"": ""candidate from joined fallback; removed trailing noise: 063G; date-like trailing noise removed""}, {""source"": ""full_image"", ""source_kind"": ""full_image_joined"", ""line_index"": null, ""raw_line"": ""BE2866KK 06.3G"", ""source_text_all"": ""BE2866KK 06.3G"", ""candidate_norm"": ""BE2866K"", ""candidate_formatted"": ""BE 2866 K"", ""ocr_confidence"": 0.8899503648281097, ""line_center_x"": null, ""line_center_y"": null, ""line_width"": null, ""line_height"": null, ""pattern_score"": 104.0, ""geometry_score"": -4.0, ""confidence_bonus"": 12.459305107593536, ""noise_penalty"": -1.0, ""final_score"": 103.45930510759354, ""removed_noise_suffix"": ""K063G"", ""notes"": ""candidate from joined fallback; removed trailing noise: K063G; date-like trailing noise removed""}]",BE 2866 KK,BE2866KK,K,Kab. Lampung Utara,0.0,1.0,True,True,ok,2633.854752999923,candidate from single OCR line,Benar,Plat dan wilayah terbaca benar.,Tidak perlu perbaikan untuk gambar ini.
